,Company,Title,link,Requirement since,location
0,Netflix,Data Scientist (L5) - Member Product,https://www.linkedin.com/jobs/view/data-scientist-l5-member-product-at-netflix-3774920311?refId=y36qtiRTwD8v7l%2Fvhd5ZqA%3D%3D&trackingId=qwCBxQjAhs%2Frn1VtfLLnQg%3D%3D&position=1&pageNum=0&trk=public_jobs_jserp-result_search-card,2 days ago,United States
1,Roku Inc.,Sr. Data Scientist,https://www.linkedin.com/jobs/view/sr-data-scientist-at-roku-inc-3790666919?refId=y36qtiRTwD8v7l%2Fvhd5ZqA%3D%3D&trackingId=UHif%2B6rsG5S2mtZbOsyn2w%3D%3D&position=2&pageNum=0&trk=public_jobs_jserp-result_search-card,1 week ago,"San Jose, CA"
2,Flexon Technologies Inc.,Junior Data Scientist,https://www.linkedin.com/jobs/view/junior-data-scientist-at-flexon-technologies-inc-3791864821?refId=y36qtiRTwD8v7l%2Fvhd5ZqA%3D%3D&trackingId=3cDBPzWp3bJAQfoqfpLPtw%3D%3D&position=3&pageNum=0&trk=public_jobs_jserp-result_search-card,2 weeks ago,"Pleasanton, CA"
3,Cognitiv,Data Scientist,https://www.linkedin.com/jobs/view/data-scientist-at-cognitiv-3786753433?refId=y36qtiRTwD8v7l%2Fvhd5ZqA%3D%3D&trackingId=aLHYbH0gN%2Faq5%2BOnn5iHJA%3D%3D&position=4&pageNum=0&trk=public_jobs_jserp-result_search-card,6 days ago,"Bellevue, WA"
4,Cognitiv,Machine Learning Engineer,https://www.linkedin.com/jobs/view/machine-learning-engineer-at-cognitiv-3786751934?refId=y36qtiRTwD8v7l%2Fvhd5ZqA%3D%3D&trackingId=r2LN%2BoU8cFMFUhrLYZT8sw%3D%3D&position=5&pageNum=0&trk=public_jobs_jserp-result_search-card,6 days ago,"Bellevue, WA"
5,BetterBasket,Data Scientist,https://www.linkedin.com/jobs/view/data-scientist-at-betterbasket-3781428245?refId=y36qtiRTwD8v7l%2Fvhd5ZqA%3D%3D&trackingId=2n5I1RrULg1sXMagpEx7ig%3D%3D&position=6&pageNum=0&trk=public_jobs_jserp-result_search-card,1 week ago,New York City Metropolitan Area
6,Brightsmith,Data Scientist,https://www.linkedin.com/jobs/view/data-scientist-at-brightsmith-3774863648?refId=y36qtiRTwD8v7l%2Fvhd5ZqA%3D%3D&trackingId=8e3tX7SNP29rEwFK1LZezA%3D%3D&position=7&pageNum=0&trk=public_jobs_jserp-result_search-card,1 week ago,"Charlotte, NC"
7,BLOC Resources,Data Scientist,https://www.linkedin.com/jobs/view/data-scientist-at-bloc-resources-3787912656?refId=y36qtiRTwD8v7l%2Fvhd5ZqA%3D%3D&trackingId=ACV7JPeikz%2FgyPIGUS42ww%3D%3D&position=8&pageNum=0&trk=public_jobs_jserp-result_search-card,2 weeks ago,"Atlanta, GA"
8,Zortech Solutions,Data Scientist-PythonUSA,https://www.linkedin.com/jobs/view/data-scientist-pythonusa-at-zortech-solutions-3786165495?refId=y36qtiRTwD8v7l%2Fvhd5ZqA%3D%3D&trackingId=7oBola%2BzpZqwR%2F2nVwKuKw%3D%3D&position=9&pageNum=0&trk=public_jobs_jserp-result_search-card,3 weeks ago,"Austin, TX"
9,Idea Evolver,Data Scientist,https://www.linkedin.com/jobs/view/data-scientist-at-idea-evolver-3787731661?refId=y36qtiRTwD8v7l%2Fvhd5ZqA%3D%3D&trackingId=35dKEHdWpt0rvqhP4AQ9iQ%3D%3D&position=10&pageNum=0&trk=public_jobs_jserp-result_search-card,1 week ago,"Philadelphia, PA"
10,Lever Middleware Test Company 2,Data Scientist,https://www.linkedin.com/jobs/view/data-scientist-at-lever-middleware-test-company-2-3787338224?refId=y36qtiRTwD8v7l%2Fvhd5ZqA%3D%3D&trackingId=0pb4qM%2BfF0%2BFHg%2BrlpC4ew%3D%3D&position=11&pageNum=0&trk=public_jobs_jserp-result_search-card,6 days ago,"New York, United States"
11,Curate Partners,Data Scientist,https://www.linkedin.com/jobs/view/data-scientist-at-curate-partners-3787308609?refId=y36qtiRTwD8v7l%2Fvhd5ZqA%3D%3D&trackingId=dBw%2FqT42%2FOPqCPa9oIVgkQ%3D%3D&position=12&pageNum=0&trk=public_jobs_jserp-result_search-card,2 weeks ago,New York City Metropolitan Area
12,Codex Recruitment,Data Scientist,https://www.linkedin.com/jobs/view/data-scientist-at-codex-recruitment-3778275555?refId=y36qtiRTwD8v7l%2Fvhd5ZqA%3D%3D&trackingId=lefINdFXGwqkj5XanTktzg%3D%3D&position=13&pageNum=0&trk=public_jobs_jserp-result_search-card,5 days ago,New York City Metropolitan Area
13,Zifo,Data Scientist,https://www.linkedin.com/jobs/view/data-scientist-at-zifo-3770187300?refId=y36qtiRTwD8v7l%2Fvhd5ZqA%3D%3D&trackingId=6qhIrICbo06W9Mfn8bV75w%3D%3D&position=14&pageNum=0&trk=public_jobs_jserp-result_search-card,2 weeks ago,United States
14,Walmart,"Staff, Data Scientist",https://www.linkedin.com/jobs/view/staff-data-scientist-at-walmart-3781739616?refId=y36qtiRTwD8v7l%2Fvhd5ZqA%3D%3D&trackingId=BYpBZvk19cQUQzeZGyy%2BkQ%3D%3D&position=15&pageNum=0&trk=public_jobs_jserp-result_search-card,2 weeks ago,"Dallas, TX"
15,Resulticks,Data Scientist - Bellevue,https://www.linkedin.com/jobs/view/data-scientist-bellevue-at-resulticks-3787748849?refId=y36qtiRTwD8v7l%2Fvhd5ZqA%3D%3D&trackingId=9P9x1jbYRGsXQgBQudXiwQ%3D%3D&position=16&pageNum=0&trk=public_jobs_jserp-result_search-card,2 weeks ago,"Bellevue, WA"
16,Node.Digital LLC,Data Scientist,https://www.linkedin.com/jobs/view/data-scientist-at-node-digital-llc-3780880016?refId=y36qtiRTwD8v7l%2Fvhd5ZqA%3D%3D&trackingId=PGAltnBXlPAXLl7z2V1nqA%3D%3D&position=17&pageNum=0&trk=public_jobs_jserp-result_search-card,6 days ago,"Washington, DC"
17,Klout Kast,Data Science Specialist/Python Developer,https://www.linkedin.com/jobs/view/data-science-specialist-python-developer-at-klout-kast-3788870715?refId=y36qtiRTwD8v7l%2Fvhd5ZqA%3D%3D&trackingId=bBm%2FFG79OOn3WbsaGwgkxA%3D%3D&position=18&pageNum=0&trk=public_jobs_jserp-result_search-card,3 weeks ago,"Baton Rouge, LA"
18,Tential Solutions,Data Scientist,https://www.linkedin.com/jobs/view/data-scientist-at-tential-solutions-3778309184?refId=y36qtiRTwD8v7l%2Fvhd5ZqA%3D%3D&trackingId=TinqRsxoLeaMqqlOlYSoHA%3D%3D&position=19&pageNum=0&trk=public_jobs_jserp-result_search-card,3 weeks ago,United States
19,Opensignal,Data Scientist,https://www.linkedin.com/jobs/view/data-scientist-at-opensignal-3791878817?refId=y36qtiRTwD8v7l%2Fvhd5ZqA%3D%3D&trackingId=JwG6uyM7iTH2Mt6hvM3ALw%3D%3D&position=20&pageNum=0&trk=public_jobs_jserp-result_search-card,1 week ago,United States
20,Park National Bank,Data Scientist,https://www.linkedin.com/jobs/view/data-scientist-at-park-national-bank-3776603722?refId=y36qtiRTwD8v7l%2Fvhd5ZqA%3D%3D&trackingId=fjjn%2FRk3C4054vM66yPCYQ%3D%3D&position=21&pageNum=0&trk=public_jobs_jserp-result_search-card,1 week ago,"Newark, OH"
21,Sky Consulting Inc.,Data Scientist,https://www.linkedin.com/jobs/view/data-scientist-at-sky-consulting-inc-3779267497?refId=y36qtiRTwD8v7l%2Fvhd5ZqA%3D%3D&trackingId=P6%2BmEebpaM9ZSXmzVIHGlg%3D%3D&position=22&pageNum=0&trk=public_jobs_jserp-result_search-card,2 weeks ago,"Washington, DC"
22,Snap Inc.,Machine Learning Engineer,https://www.linkedin.com/jobs/view/machine-learning-engineer-at-snap-inc-3787714993?refId=y36qtiRTwD8v7l%2Fvhd5ZqA%3D%3D&trackingId=VyPeO7aCcMddlMs2KqZrNw%3D%3D&position=23&pageNum=0&trk=public_jobs_jserp-result_search-card,1 week ago,"Los Angeles, CA"
23,LeanDNA,Machine Learning Engineer,https://www.linkedin.com/jobs/view/machine-learning-engineer-at-leandna-3776150501?refId=y36qtiRTwD8v7l%2Fvhd5ZqA%3D%3D&trackingId=EAIVtsdQai4aiT6eZHrtXQ%3D%3D&position=24&pageNum=0&trk=public_jobs_jserp-result_search-card,1 week ago,"Austin, TX"
24,SMKSoft Inc,Data Scientist,https://www.linkedin.com/jobs/view/data-scientist-at-smksoft-inc-3792114064?refId=ge%2F7uHfXEYuwLUTseKKyMw%3D%3D&trackingId=2Ab%2FSu3fq%2B50rEdjlvrmvQ%3D%3D&position=1&pageNum=1&trk=public_jobs_jserp-result_search-card,2 weeks ago,Washington DC-Baltimore Area
25,Erie Home,Data Scientist,https://www.linkedin.com/jobs/view/data-scientist-at-erie-home-3776115459?refId=ge%2F7uHfXEYuwLUTseKKyMw%3D%3D&trackingId=R1VE5EOk5xS2SJ8Eyxpvwg%3D%3D&position=2&pageNum=1&trk=public_jobs_jserp-result_search-card,3 weeks ago,"Toledo, Ohio Metropolitan Area"
26,Hunter Bond,"Data Scientist - Up to $150,000 + Huge Bonus + Package",https://www.linkedin.com/jobs/view/data-scientist-up-to-%24150-000-%2B-huge-bonus-%2B-package-at-hunter-bond-3784570993?refId=ge%2F7uHfXEYuwLUTseKKyMw%3D%3D&trackingId=tEKPtINEHdOo3uYSHDgZDw%3D%3D&position=3&pageNum=1&trk=public_jobs_jserp-result_search-card,1 week ago,"Houston, TX"
27,Avery Dennison,Data Scientist,https://www.linkedin.com/jobs/view/data-scientist-at-avery-dennison-3784210727?refId=ge%2F7uHfXEYuwLUTseKKyMw%3D%3D&trackingId=56JaPpuSg2yfCb3qnABCvA%3D%3D&position=4&pageNum=1&trk=public_jobs_jserp-result_search-card,1 week ago,"Mentor, OH"
28,Aditi Consulting,Data Scientist,https://www.linkedin.com/jobs/view/data-scientist-at-aditi-consulting-3780803837?refId=ge%2F7uHfXEYuwLUTseKKyMw%3D%3D&trackingId=1o6oUUFU2%2Fid1Bvfd1FYJQ%3D%3D&position=5&pageNum=1&trk=public_jobs_jserp-result_search-card,2 weeks ago,"Thousand Oaks, CA"
29,VPNforAndroid,Junior Machine Learning Engineer ( US Only),https://www.linkedin.com/jobs/view/junior-machine-learning-engineer-us-only-at-vpnforandroid-3791899852?refId=ge%2F7uHfXEYuwLUTseKKyMw%3D%3D&trackingId=r2vonRZKMYzMnJl5bqOKaQ%3D%3D&position=6&pageNum=1&trk=public_jobs_jserp-result_search-card,2 weeks ago,"Jacksonville, FL"
30,Lever Middleware Test Company 2,Data Scientist,https://www.linkedin.com/jobs/view/data-scientist-at-lever-middleware-test-company-2-3787335455?refId=ge%2F7uHfXEYuwLUTseKKyMw%3D%3D&trackingId=k2UssUWA3oznpAQVvRjtTA%3D%3D&position=7&pageNum=1&trk=public_jobs_jserp-result_search-card,6 days ago,"San Francisco, CA"
31,Lever Middleware Test Company 2,Data Scientist,https://www.linkedin.com/jobs/view/data-scientist-at-lever-middleware-test-company-2-3787333992?refId=ge%2F7uHfXEYuwLUTseKKyMw%3D%3D&trackingId=XSf%2BklL%2FT53SGFJSJY14LA%3D%3D&position=8&pageNum=1&trk=public_jobs_jserp-result_search-card,4 days ago,"San Diego, CA"
32,Redwood Logistics,Data Scientist,https://www.linkedin.com/jobs/view/data-scientist-at-redwood-logistics-3782779428?refId=ge%2F7uHfXEYuwLUTseKKyMw%3D%3D&trackingId=huKoucmpttlcF0zCagQ3Qw%3D%3D&position=9&pageNum=1&trk=public_jobs_jserp-result_search-card,1 week ago,"Chicago, IL"
33,Zest AI,Machine Learning Engineer,https://www.linkedin.com/jobs/view/machine-learning-engineer-at-zest-ai-3766975032?refId=ge%2F7uHfXEYuwLUTseKKyMw%3D%3D&trackingId=Dc0DeKBh8qUXYBhZ3D5POA%3D%3D&position=10&pageNum=1&trk=public_jobs_jserp-result_search-card,2 weeks ago,United States
34,Seneca Resources,Data Scientist,https://www.linkedin.com/jobs/view/data-scientist-at-seneca-resources-3782408142?refId=ge%2F7uHfXEYuwLUTseKKyMw%3D%3D&trackingId=%2F01%2FVTsdAgkxi4DQarj9iQ%3D%3D&position=11&pageNum=1&trk=public_jobs_jserp-result_search-card,2 weeks ago,Atlanta Metropolitan Area
35,National Reconnaissance Office (NRO),Data Scientist,https://www.linkedin.com/jobs/view/data-scientist-at-national-reconnaissance-office-nro-3791908837?refId=ge%2F7uHfXEYuwLUTseKKyMw%3D%3D&trackingId=6PKkmTgsKO8fTRMqC99VoQ%3D%3D&position=12&pageNum=1&trk=public_jobs_jserp-result_search-card,1 week ago,"Chantilly, VA"
36,Kojo,Jr. Data Scientist,https://www.linkedin.com/jobs/view/jr-data-scientist-at-kojo-3786895084?refId=ge%2F7uHfXEYuwLUTseKKyMw%3D%3D&trackingId=2YvZitP%2BYk%2FmRuqcCHpkAA%3D%3D&position=13&pageNum=1&trk=public_jobs_jserp-result_search-card,1 week ago,United States
37,"FocusKPI, Inc.",Data Scientist,https://www.linkedin.com/jobs/view/data-scientist-at-focuskpi-inc-3792413200?refId=ge%2F7uHfXEYuwLUTseKKyMw%3D%3D&trackingId=NS%2Fgy1A2dmHrGYijmTo9MQ%3D%3D&position=14&pageNum=1&trk=public_jobs_jserp-result_search-card,1 week ago,"San Francisco, CA"
38,CVS Health,Senior Data Scientist,https://www.linkedin.com/jobs/view/senior-data-scientist-at-cvs-health-3778569256?refId=ge%2F7uHfXEYuwLUTseKKyMw%3D%3D&trackingId=I9go3xaQxCWWLOK51x1eqw%3D%3D&position=15&pageNum=1&trk=public_jobs_jserp-result_search-card,3 weeks ago,United States
39,NEC X Inc.,Machine Learning Engineer,https://www.linkedin.com/jobs/view/machine-learning-engineer-at-nec-x-inc-3780209634?refId=ge%2F7uHfXEYuwLUTseKKyMw%3D%3D&trackingId=5JJbuR6Z6X%2BOncI6o45T9Q%3D%3D&position=16&pageNum=1&trk=public_jobs_jserp-result_search-card,2 weeks ago,"California, United States"
40,Snap Inc.,Machine Learning Engineer,https://www.linkedin.com/jobs/view/machine-learning-engineer-at-snap-inc-3787718475?refId=ge%2F7uHfXEYuwLUTseKKyMw%3D%3D&trackingId=hwwuHYZNTzZHh4vUPpVacw%3D%3D&position=17&pageNum=1&trk=public_jobs_jserp-result_search-card,1 week ago,"Palo Alto, CA"
41,NextPath Career Partners,Data Scientist (3536),https://www.linkedin.com/jobs/view/data-scientist-3536-at-nextpath-career-partners-3781906104?refId=ge%2F7uHfXEYuwLUTseKKyMw%3D%3D&trackingId=1AOqdJrZG4BvjJsHHamusA%3D%3D&position=18&pageNum=1&trk=public_jobs_jserp-result_search-card,1 week ago,"Florida, United States"
42,Colaberry,Data Scientist,https://www.linkedin.com/jobs/view/data-scientist-at-colaberry-3784808438?refId=ge%2F7uHfXEYuwLUTseKKyMw%3D%3D&trackingId=T9OhpXbUckdq%2Fa4Jg0pRlg%3D%3D&position=19&pageNum=1&trk=public_jobs_jserp-result_search-card,1 week ago,United States
43,Mattermore,Applied Data Scientist,https://www.linkedin.com/jobs/view/applied-data-scientist-at-mattermore-3775444616?refId=ge%2F7uHfXEYuwLUTseKKyMw%3D%3D&trackingId=YA55%2FTx2S60fWAXB1dskzg%3D%3D&position=20&pageNum=1&trk=public_jobs_jserp-result_search-card,1 week ago,New York City Metropolitan Area
44,Henderson Scott,Data Scientist,https://www.linkedin.com/jobs/view/data-scientist-at-henderson-scott-3779811212?refId=ge%2F7uHfXEYuwLUTseKKyMw%3D%3D&trackingId=tWGCORskWdA2EaR1biVvQQ%3D%3D&position=21&pageNum=1&trk=public_jobs_jserp-result_search-card,1 week ago,"San Francisco County, CA"
45,"Octapharma Plasma, Inc.",Data Scientist,https://www.linkedin.com/jobs/view/data-scientist-at-octapharma-plasma-inc-3783134754?refId=ge%2F7uHfXEYuwLUTseKKyMw%3D%3D&trackingId=ZJo7DgBXgZfUqPc0RMy%2Bqw%3D%3D&position=22&pageNum=1&trk=public_jobs_jserp-result_search-card,2 weeks ago,"Charlotte, NC"
46,JDC Group,Data Scientist,https://www.linkedin.com/jobs/view/data-scientist-at-jdc-group-3778845279?refId=ge%2F7uHfXEYuwLUTseKKyMw%3D%3D&trackingId=YbT42Mze1Sm90%2FvcuUOAmA%3D%3D&position=23&pageNum=1&trk=public_jobs_jserp-result_search-card,2 weeks ago,United States
47,Lever Middleware Test Company 2,Data Scientist,https://www.linkedin.com/jobs/view/data-scientist-at-lever-middleware-test-company-2-3787339146?refId=zs8tLTZzZYvvIp40WKWSUg%3D%3D&trackingId=FPmIcoDtMS%2BDwNv94RTY%2FA%3D%3D&position=1&pageNum=2&trk=public_jobs_jserp-result_search-card,2 weeks ago,San Francisco Bay Area
48,Ritual,Machine Learning Engineer,https://www.linkedin.com/jobs/view/machine-learning-engineer-at-ritual-3779860203?refId=zs8tLTZzZYvvIp40WKWSUg%3D%3D&trackingId=3ZSXdeUUikJGvmZQN2od8Q%3D%3D&position=2&pageNum=2&trk=public_jobs_jserp-result_search-card,1 week ago,"New York, NY"
49,Cognitiv,Machine Learning Research Scientist,https://www.linkedin.com/jobs/view/machine-learning-research-scientist-at-cognitiv-3786717815?refId=zs8tLTZzZYvvIp40WKWSUg%3D%3D&trackingId=hHD1sUdjntbRQTWSCAnPOQ%3D%3D&position=3&pageNum=2&trk=public_jobs_jserp-result_search-card,6 days ago,"Berkeley, CA"
50,Holy Grail Inc,Machine Learning Engineer,https://www.linkedin.com/jobs/view/machine-learning-engineer-at-holy-grail-inc-3779188729?refId=zs8tLTZzZYvvIp40WKWSUg%3D%3D&trackingId=deQ5Ty8h%2BdxC2NZzF6scqw%3D%3D&position=4&pageNum=2&trk=public_jobs_jserp-result_search-card,2 weeks ago,"Fremont, CA"
51,doola,Data Scientist (Remote),https://www.linkedin.com/jobs/view/data-scientist-remote-at-doola-3784284794?refId=zs8tLTZzZYvvIp40WKWSUg%3D%3D&trackingId=dfiqsjsjglu50Mpbg5JeAw%3D%3D&position=5&pageNum=2&trk=public_jobs_jserp-result_search-card,3 weeks ago,"New York, NY"
52,MidAmerican Energy Company,Data Scientist 1,https://www.linkedin.com/jobs/view/data-scientist-1-at-midamerican-energy-company-3779309585?refId=zs8tLTZzZYvvIp40WKWSUg%3D%3D&trackingId=atjk7ludzEDiU%2FF7nzYDEg%3D%3D&position=6&pageNum=2&trk=public_jobs_jserp-result_search-card,3 weeks ago,"Des Moines, IA"
53,Arnex Solutions LLC,Data Scientist,https://www.linkedin.com/jobs/view/data-scientist-at-arnex-solutions-llc-3784843123?refId=zs8tLTZzZYvvIp40WKWSUg%3D%3D&trackingId=Yj5Pt9i0Pm9DMkzDhVzpJw%3D%3D&position=7&pageNum=2&trk=public_jobs_jserp-result_search-card,3 days ago,United States
54,InfoGravity,Data Scientist,https://www.linkedin.com/jobs/view/data-scientist-at-infogravity-3786739438?refId=zs8tLTZzZYvvIp40WKWSUg%3D%3D&trackingId=4fVx1AXBi7m6OwQYEsmAtw%3D%3D&position=8&pageNum=2&trk=public_jobs_jserp-result_search-card,3 weeks ago,"Philadelphia, PA"
55,Solytics Partners,Data Scientist- NLP,https://www.linkedin.com/jobs/view/data-scientist-nlp-at-solytics-partners-3779144145?refId=zs8tLTZzZYvvIp40WKWSUg%3D%3D&trackingId=itk4P4yQPwdHaZDdCI9iyA%3D%3D&position=9&pageNum=2&trk=public_jobs_jserp-result_search-card,1 week ago,"New York, United States"
56,Lumen Resources,Data Scientist,https://www.linkedin.com/jobs/view/data-scientist-at-lumen-resources-3784566758?refId=zs8tLTZzZYvvIp40WKWSUg%3D%3D&trackingId=%2FARssEmYkNY3QuYOUkIq8w%3D%3D&position=10&pageNum=2&trk=public_jobs_jserp-result_search-card,6 days ago,United States
57,"InVitro Cell Research, LLC",Associate Data Scientist,https://www.linkedin.com/jobs/view/associate-data-scientist-at-invitro-cell-research-llc-3779263996?refId=zs8tLTZzZYvvIp40WKWSUg%3D%3D&trackingId=H36LQNai4S5cP7Gp%2FFQ13w%3D%3D&position=11&pageNum=2&trk=public_jobs_jserp-result_search-card,1 week ago,New York City Metropolitan Area
58,DTE Energy,Data Scientist,https://www.linkedin.com/jobs/view/data-scientist-at-dte-energy-3781906317?refId=zs8tLTZzZYvvIp40WKWSUg%3D%3D&trackingId=zc%2By8f0dzlnd74MgCMB9qw%3D%3D&position=12&pageNum=2&trk=public_jobs_jserp-result_search-card,3 days ago,"Detroit, MI"
59,Ponce AI,Machine Learning Ops Engineer at AI image-to-image startup,https://www.linkedin.com/jobs/view/machine-learning-ops-engineer-at-ai-image-to-image-startup-at-ponce-ai-3778026950?refId=zs8tLTZzZYvvIp40WKWSUg%3D%3D&trackingId=P7DYhJaxmkukhWQy2XZ9CQ%3D%3D&position=13&pageNum=2&trk=public_jobs_jserp-result_search-card,6 days ago,"San Francisco, CA"
60,Synergis,Data Scientist,https://www.linkedin.com/jobs/view/data-scientist-at-synergis-3782278248?refId=zs8tLTZzZYvvIp40WKWSUg%3D%3D&trackingId=ZC71qRHY6iTsQTE7sRQ0EA%3D%3D&position=14&pageNum=2&trk=public_jobs_jserp-result_search-card,1 week ago,"Atlanta, GA"
61,Paritas Recruitment,Data Scientist,https://www.linkedin.com/jobs/view/data-scientist-at-paritas-recruitment-3790124856?refId=zs8tLTZzZYvvIp40WKWSUg%3D%3D&trackingId=vvGL6J9PqL6LvXNYPyTAuA%3D%3D&position=15&pageNum=2&trk=public_jobs_jserp-result_search-card,3 weeks ago,"New York, United States"
62,Gradient Zero,Machine Learning Engineer,https://www.linkedin.com/jobs/view/machine-learning-engineer-at-gradient-zero-3787778934?refId=zs8tLTZzZYvvIp40WKWSUg%3D%3D&trackingId=6xCkT%2BuaOcLrFZ8e5Ak%2FhQ%3D%3D&position=16&pageNum=2&trk=public_jobs_jserp-result_search-card,3 weeks ago,"Herndon, VA"
63,"o9 Solutions, Inc.",Data Scientist,https://www.linkedin.com/jobs/view/data-scientist-at-o9-solutions-inc-3777057028?refId=zs8tLTZzZYvvIp40WKWSUg%3D%3D&trackingId=rul3eOmW4LENqhsop5uYwQ%3D%3D&position=17&pageNum=2&trk=public_jobs_jserp-result_search-card,1 week ago,"Texas, United States"
64,ASK Consulting,Data Scientist,https://www.linkedin.com/jobs/view/data-scientist-at-ask-consulting-3775000571?refId=zs8tLTZzZYvvIp40WKWSUg%3D%3D&trackingId=sqWZIXEsO5b%2FuwmJTHeQKw%3D%3D&position=18&pageNum=2&trk=public_jobs_jserp-result_search-card,2 weeks ago,United States
65,Steneral Consulting,Data Scientist (Machine Learning),https://www.linkedin.com/jobs/view/data-scientist-machine-learning-at-steneral-consulting-3773353167?refId=zs8tLTZzZYvvIp40WKWSUg%3D%3D&trackingId=PzJZXJ7O7Or7VsP65XSUnA%3D%3D&position=19&pageNum=2&trk=public_jobs_jserp-result_search-card,3 weeks ago,United States
66,Talener,Machine Learning Engineer ( Remote ),https://www.linkedin.com/jobs/view/machine-learning-engineer-remote-at-talener-3766990842?refId=zs8tLTZzZYvvIp40WKWSUg%3D%3D&trackingId=W81MZ2y51NUQmyc1RMG%2BCw%3D%3D&position=20&pageNum=2&trk=public_jobs_jserp-result_search-card,1 week ago,Greater Chicago Area
67,Scipher Medicine,Data Scientist-Bioinformatics,https://www.linkedin.com/jobs/view/data-scientist-bioinformatics-at-scipher-medicine-3774715550?refId=zs8tLTZzZYvvIp40WKWSUg%3D%3D&trackingId=x3wdqXd4DQgmYuBinXlRDg%3D%3D&position=21&pageNum=2&trk=public_jobs_jserp-result_search-card,6 days ago,"Waltham, MA"
68,Saragossa,"Machine Learning Engineer – up to $300,000 + Stock Options",https://www.linkedin.com/jobs/view/machine-learning-engineer-%E2%80%93-up-to-%24300-000-%2B-stock-options-at-saragossa-3782776097?refId=zs8tLTZzZYvvIp40WKWSUg%3D%3D&trackingId=AfQb0D9VpSNyLhedmvbelg%3D%3D&position=22&pageNum=2&trk=public_jobs_jserp-result_search-card,6 days ago,San Francisco Bay Area
69,SimIS Inc.,Data Scientist (USSOCOM),https://www.linkedin.com/jobs/view/data-scientist-ussocom-at-simis-inc-3787737653?refId=zs8tLTZzZYvvIp40WKWSUg%3D%3D&trackingId=XpAn3yRU9S4fMeksxmUKOQ%3D%3D&position=23&pageNum=2&trk=public_jobs_jserp-result_search-card,1 week ago,"Tampa, FL"
70,Lever Middleware Test Company 2,Data Scientist,https://www.linkedin.com/jobs/view/data-scientist-at-lever-middleware-test-company-2-3787338314?refId=zs8tLTZzZYvvIp40WKWSUg%3D%3D&trackingId=ow46I4163OG5fncEvh%2BEpw%3D%3D&position=24&pageNum=2&trk=public_jobs_jserp-result_search-card,3 weeks ago,"Minneapolis, MN"
71,Burtch Works,Data Scientist,https://www.linkedin.com/jobs/view/data-scientist-at-burtch-works-3778877258?refId=zs8tLTZzZYvvIp40WKWSUg%3D%3D&trackingId=aivov3%2BSvHmVLUhlFhChGA%3D%3D&position=25&pageNum=2&trk=public_jobs_jserp-result_search-card,1 week ago,Washington DC-Baltimore Area
72,Snap Inc.,Machine Learning Engineer,https://www.linkedin.com/jobs/view/machine-learning-engineer-at-snap-inc-3787717768?refId=30EM30qEqKCeCXY0y2FuEQ%3D%3D&trackingId=ui8dsMiZ62JhYj8TPWn6Yg%3D%3D&position=1&pageNum=3&trk=public_jobs_jserp-result_search-card,3 weeks ago,"Seattle, WA"
73,Insight Global,Data Scientist,https://www.linkedin.com/jobs/view/data-scientist-at-insight-global-3780036274?refId=30EM30qEqKCeCXY0y2FuEQ%3D%3D&trackingId=zPAAazIUIcb3v7I59KJCEw%3D%3D&position=2&pageNum=3&trk=public_jobs_jserp-result_search-card,2 weeks ago,United States
74,VPNforAndroid,Junior Python Developer ( US Only),https://www.linkedin.com/jobs/view/junior-python-developer-us-only-at-vpnforandroid-3791821280?refId=30EM30qEqKCeCXY0y2FuEQ%3D%3D&trackingId=X4KJAVV%2FpohArkNNhYImtw%3D%3D&position=3&pageNum=3&trk=public_jobs_jserp-result_search-card,6 days ago,"New York, NY"
75,SynergisticIT,Entry Level Data Scientist(Remote),https://www.linkedin.com/jobs/view/entry-level-data-scientist-remote-at-synergisticit-3767593714?refId=30EM30qEqKCeCXY0y2FuEQ%3D%3D&trackingId=Putu4WeMu54rTWFmYHr42w%3D%3D&position=4&pageNum=3&trk=public_jobs_jserp-result_search-card,2 weeks ago,"Miami, FL"
76,Platform Staffing Group,Data Scientist Entry Level,https://www.linkedin.com/jobs/view/data-scientist-entry-level-at-platform-staffing-group-3776960305?refId=30EM30qEqKCeCXY0y2FuEQ%3D%3D&trackingId=9hWEySKNuXI5YssqPRsTWw%3D%3D&position=5&pageNum=3&trk=public_jobs_jserp-result_search-card,1 week ago,"Midland, MI"
77,The Sporting News,Data Scientist,https://www.linkedin.com/jobs/view/data-scientist-at-the-sporting-news-3787309178?refId=30EM30qEqKCeCXY0y2FuEQ%3D%3D&trackingId=quQUNrFyg27JbsQ2MI7Jcw%3D%3D&position=6&pageNum=3&trk=public_jobs_jserp-result_search-card,6 days ago,"New York, NY"
78,Boston Metal,R&D Data Scientist,https://www.linkedin.com/jobs/view/r-d-data-scientist-at-boston-metal-3777098582?refId=30EM30qEqKCeCXY0y2FuEQ%3D%3D&trackingId=9cRJLZeunA3JJIa%2BgZhLVA%3D%3D&position=7&pageNum=3&trk=public_jobs_jserp-result_search-card,6 days ago,"Woburn, MA"
79,Walmart,Staff Data Scientist,https://www.linkedin.com/jobs/view/staff-data-scientist-at-walmart-3772209089?refId=30EM30qEqKCeCXY0y2FuEQ%3D%3D&trackingId=Aw8wzjGRZQoaTlZDKIdWkA%3D%3D&position=8&pageNum=3&trk=public_jobs_jserp-result_search-card,1 week ago,"Dallas, TX"
80,Keurig Dr Pepper Inc.,Senior Data Scientist,https://www.linkedin.com/jobs/view/senior-data-scientist-at-keurig-dr-pepper-inc-3784549721?refId=30EM30qEqKCeCXY0y2FuEQ%3D%3D&trackingId=RL3mZjQxX1mYdFqa29yKug%3D%3D&position=9&pageNum=3&trk=public_jobs_jserp-result_search-card,6 days ago,"Frisco, TX"
81,CINQCARE,Machine Learning Engineer,https://www.linkedin.com/jobs/view/machine-learning-engineer-at-cinqcare-3787785219?refId=30EM30qEqKCeCXY0y2FuEQ%3D%3D&trackingId=jJYZh06%2BESuFSD9A%2B5nlcQ%3D%3D&position=10&pageNum=3&trk=public_jobs_jserp-result_search-card,1 week ago,"Washington, DC"
82,"McIntire Solutions, LLC",Data Scientist,https://www.linkedin.com/jobs/view/data-scientist-at-mcintire-solutions-llc-3787748022?refId=30EM30qEqKCeCXY0y2FuEQ%3D%3D&trackingId=2wEfCdez86ZegoJ5jOcXsQ%3D%3D&position=11&pageNum=3&trk=public_jobs_jserp-result_search-card,1 week ago,"Springfield, VA"
83,HireKeyz Inc,Data Scientist,https://www.linkedin.com/jobs/view/data-scientist-at-hirekeyz-inc-3783154507?refId=30EM30qEqKCeCXY0y2FuEQ%3D%3D&trackingId=7Yolc8Cqg6dztswv3QgQ1Q%3D%3D&position=12&pageNum=3&trk=public_jobs_jserp-result_search-card,1 week ago,"Jersey City, NJ"
84,SynergisticIT,Entry Level/ Junior Level Data Scientist (Remote),https://www.linkedin.com/jobs/view/entry-level-junior-level-data-scientist-remote-at-synergisticit-3767588950?refId=30EM30qEqKCeCXY0y2FuEQ%3D%3D&trackingId=BW9xnm3vZS04ZD34dbSzNw%3D%3D&position=13&pageNum=3&trk=public_jobs_jserp-result_search-card,6 days ago,"Los Angeles, CA"
85,Xpanse,Machine Learning Engineer,https://www.linkedin.com/jobs/view/machine-learning-engineer-at-xpanse-3780010143?refId=30EM30qEqKCeCXY0y2FuEQ%3D%3D&trackingId=nIRgZFVmT6sEbvqVydpiGA%3D%3D&position=14&pageNum=3&trk=public_jobs_jserp-result_search-card,1 week ago,United States
86,Brooksource,Data Scientist,https://www.linkedin.com/jobs/view/data-scientist-at-brooksource-3774010984?refId=30EM30qEqKCeCXY0y2FuEQ%3D%3D&trackingId=OLEXkS6bd3AG6lMY13yLYg%3D%3D&position=15&pageNum=3&trk=public_jobs_jserp-result_search-card,6 days ago,"Morris Plains, NJ"
87,Charter Global,Data Scientist,https://www.linkedin.com/jobs/view/data-scientist-at-charter-global-3776601713?refId=30EM30qEqKCeCXY0y2FuEQ%3D%3D&trackingId=vWFcPhEqNFMTVRQIjFieZA%3D%3D&position=16&pageNum=3&trk=public_jobs_jserp-result_search-card,3 weeks ago,United States
88,Acclaim Technical Services,Senior Data Scientist (2022-0259),https://www.linkedin.com/jobs/view/senior-data-scientist-2022-0259-at-acclaim-technical-services-3787778079?refId=30EM30qEqKCeCXY0y2FuEQ%3D%3D&trackingId=HZxstNU7fxbdaYCPYyxd2w%3D%3D&position=17&pageNum=3&trk=public_jobs_jserp-result_search-card,3 weeks ago,"Chantilly, VA"
89,"Pyramid Consulting, Inc",Data Scientist,https://www.linkedin.com/jobs/view/data-scientist-at-pyramid-consulting-inc-3778742973?refId=30EM30qEqKCeCXY0y2FuEQ%3D%3D&trackingId=L123%2Fxbzh1mGcPxt88q1wg%3D%3D&position=18&pageNum=3&trk=public_jobs_jserp-result_search-card,1 week ago,"Jersey City, NJ"
90,Glocomms,Data Scientist,https://www.linkedin.com/jobs/view/data-scientist-at-glocomms-3785728248?refId=30EM30qEqKCeCXY0y2FuEQ%3D%3D&trackingId=ArRODGwRCFWq%2FUH7%2F%2BqlLA%3D%3D&position=19&pageNum=3&trk=public_jobs_jserp-result_search-card,2 weeks ago,"Austin, Texas Metropolitan Area"
91,"IDR, Inc.",Data Scientist,https://www.linkedin.com/jobs/view/data-scientist-at-idr-inc-3778823812?refId=30EM30qEqKCeCXY0y2FuEQ%3D%3D&trackingId=i3EZvh4xZb7nUeE2eIvZSA%3D%3D&position=20&pageNum=3&trk=public_jobs_jserp-result_search-card,1 week ago,Dallas-Fort Worth Metroplex
92,"Catalyst Technical Consulting Group, LLC",Data Scientist,https://www.linkedin.com/jobs/view/data-scientist-at-catalyst-technical-consulting-group-llc-3788049104?refId=30EM30qEqKCeCXY0y2FuEQ%3D%3D&trackingId=jgOIAKZt5Od78KdbzwUTmg%3D%3D&position=21&pageNum=3&trk=public_jobs_jserp-result_search-card,6 days ago,"Fort Meade, MD"
93,Spherix Global Insights,"Data Scientist (Hybrid- Exton, PA)",https://www.linkedin.com/jobs/view/data-scientist-hybrid-exton-pa-at-spherix-global-insights-3787798881?refId=30EM30qEqKCeCXY0y2FuEQ%3D%3D&trackingId=9lmw%2FgVQU%2BGj0xHIPqEYiw%3D%3D&position=22&pageNum=3&trk=public_jobs_jserp-result_search-card,3 weeks ago,"Exton, PA"
94,INSPYR Solutions,Data Scientist,https://www.linkedin.com/jobs/view/data-scientist-at-inspyr-solutions-3784273317?refId=30EM30qEqKCeCXY0y2FuEQ%3D%3D&trackingId=xMOE0ZF2vnaYK6DJEY1Fxw%3D%3D&position=23&pageNum=3&trk=public_jobs_jserp-result_search-card,1 week ago,"Orlando, FL"
95,Acclaim Technical Services,"Data Scientist, Level 2 (2023-0232)",https://www.linkedin.com/jobs/view/data-scientist-level-2-2023-0232-at-acclaim-technical-services-3787774518?refId=30EM30qEqKCeCXY0y2FuEQ%3D%3D&trackingId=aa1pkSbY4LfHO%2Bq%2F5bgI8g%3D%3D&position=24&pageNum=3&trk=public_jobs_jserp-result_search-card,1 week ago,"Annapolis Junction, MD"
96,Experfy,Data Scientist,https://www.linkedin.com/jobs/view/data-scientist-at-experfy-3787317722?refId=30EM30qEqKCeCXY0y2FuEQ%3D%3D&trackingId=%2FDoq9DIRSJcrNRfQGhgrBQ%3D%3D&position=25&pageNum=3&trk=public_jobs_jserp-result_search-card,2 weeks ago,"Texas City, TX"
97,Links Technology Solutions,Data Scientist,https://www.linkedin.com/jobs/view/data-scientist-at-links-technology-solutions-3779304002?refId=McgbNeDIbHVI98UoGFxwww%3D%3D&trackingId=OwG11nzi8pIVDLbIvV03Jg%3D%3D&position=1&pageNum=4&trk=public_jobs_jserp-result_search-card,1 day ago,"Tarrytown, NY"
98,"Pinnacle Group, Inc.",Data Scientist,https://www.linkedin.com/jobs/view/data-scientist-at-pinnacle-group-inc-3787392082?refId=McgbNeDIbHVI98UoGFxwww%3D%3D&trackingId=Kr5j8Xw9kMFtYwHSAA%2BSAQ%3D%3D&position=2&pageNum=4&trk=public_jobs_jserp-result_search-card,1 week ago,"Irving, TX"
99,MarketBridge,Data Scientist - Marketing Analytics,https://www.linkedin.com/jobs/view/data-scientist-marketing-analytics-at-marketbridge-3787791426?refId=McgbNeDIbHVI98UoGFxwww%3D%3D&trackingId=xcPJg2PLXsLlyYnxcLPVBg%3D%3D&position=3&pageNum=4&trk=public_jobs_jserp-result_search-card,1 week ago,"Washington, DC"
100,Oscar,Data Scientist,https://www.linkedin.com/jobs/view/data-scientist-at-oscar-3784586587?refId=McgbNeDIbHVI98UoGFxwww%3D%3D&trackingId=4H1qFb6dAHxV89yNeeJjYA%3D%3D&position=4&pageNum=4&trk=public_jobs_jserp-result_search-card,1 week ago,United States
101,CODAMETRIX,Data Scientist III (Applied Research),https://www.linkedin.com/jobs/view/data-scientist-iii-applied-research-at-codametrix-3787780742?refId=McgbNeDIbHVI98UoGFxwww%3D%3D&trackingId=NgaXTuLjY4Cwy%2FILG51DSA%3D%3D&position=5&pageNum=4&trk=public_jobs_jserp-result_search-card,3 weeks ago,"Boston, MA"
102,SynergisticIT,Entry Level Data Scientist (Remote),https://www.linkedin.com/jobs/view/entry-level-data-scientist-remote-at-synergisticit-3767597245?refId=McgbNeDIbHVI98UoGFxwww%3D%3D&trackingId=xMrs2pGKiWYgD03x%2FI%2FPng%3D%3D&position=6&pageNum=4&trk=public_jobs_jserp-result_search-card,1 day ago,"Jersey City, NJ"
103,"Kelly Science, Engineering, Technology & Telecom",Data Scientist- Contract-to-Hire - Remote,https://www.linkedin.com/jobs/view/data-scientist-contract-to-hire-remote-at-kelly-science-engineering-technology-telecom-3769048790?refId=McgbNeDIbHVI98UoGFxwww%3D%3D&trackingId=7N9MDJsGUZJURZzJi0zamQ%3D%3D&position=7&pageNum=4&trk=public_jobs_jserp-result_search-card,1 week ago,United States
104,Artemis Consultants,Data Scientist,https://www.linkedin.com/jobs/view/data-scientist-at-artemis-consultants-3783134322?refId=McgbNeDIbHVI98UoGFxwww%3D%3D&trackingId=2H8PtGKjyzUb%2FT1sSUMEHg%3D%3D&position=8&pageNum=4&trk=public_jobs_jserp-result_search-card,1 week ago,United States
105,Bay Area Environmental Research Institute,Machine Learning Data Scientist,https://www.linkedin.com/jobs/view/machine-learning-data-scientist-at-bay-area-environmental-research-institute-3779091137?refId=McgbNeDIbHVI98UoGFxwww%3D%3D&trackingId=CI50cu34o01znHz1EsHm%2BA%3D%3D&position=9&pageNum=4&trk=public_jobs_jserp-result_search-card,2 weeks ago,"Mountain View, CA"
106,Google,Business Data Scientist,https://www.linkedin.com/jobs/view/business-data-scientist-at-google-3783156752?refId=McgbNeDIbHVI98UoGFxwww%3D%3D&trackingId=791MYlNLT56teRd00fLu1A%3D%3D&position=10&pageNum=4&trk=public_jobs_jserp-result_search-card,4 days ago,"Chicago, IL"
107,Centripetal,Cyber Data Scientist,https://www.linkedin.com/jobs/view/cyber-data-scientist-at-centripetal-3787719894?refId=McgbNeDIbHVI98UoGFxwww%3D%3D&trackingId=nN%2FNasTHts4Cdo2WPQWU9w%3D%3D&position=11&pageNum=4&trk=public_jobs_jserp-result_search-card,1 week ago,"Portsmouth, NH"
108,EVONA,Machine Learning Engineer,https://www.linkedin.com/jobs/view/machine-learning-engineer-at-evona-3774713473?refId=McgbNeDIbHVI98UoGFxwww%3D%3D&trackingId=k1s9FyYPdtFxF%2FMnVDxV2A%3D%3D&position=12&pageNum=4&trk=public_jobs_jserp-result_search-card,6 days ago,"San Diego, CA"
109,Machina Labs,Machine Learning Engineer,https://www.linkedin.com/jobs/view/machine-learning-engineer-at-machina-labs-3780029332?refId=McgbNeDIbHVI98UoGFxwww%3D%3D&trackingId=yOHVXEcCh5IPLTbsXSRuAQ%3D%3D&position=13&pageNum=4&trk=public_jobs_jserp-result_search-card,2 weeks ago,"Los Angeles, CA"
110,Recurring Decimal,Data Scientist,https://www.linkedin.com/jobs/view/data-scientist-at-recurring-decimal-3782252731?refId=McgbNeDIbHVI98UoGFxwww%3D%3D&trackingId=0HyyG6Dg2pVs4dKeASZkMA%3D%3D&position=14&pageNum=4&trk=public_jobs_jserp-result_search-card,2 weeks ago,United States
111,Putnam Recruiting Group,Machine Learning Engineer,https://www.linkedin.com/jobs/view/machine-learning-engineer-at-putnam-recruiting-group-3779279310?refId=McgbNeDIbHVI98UoGFxwww%3D%3D&trackingId=lAYLyc6Wcb7plsFmxf7E8A%3D%3D&position=15&pageNum=4&trk=public_jobs_jserp-result_search-card,3 weeks ago,Los Angeles Metropolitan Area
112,Airbnb,"Senior Data Scientist - Inference, Pricing",https://www.linkedin.com/jobs/view/senior-data-scientist-inference-pricing-at-airbnb-3786149549?refId=McgbNeDIbHVI98UoGFxwww%3D%3D&trackingId=9tCgYZ80hX5n5Ic%2FVFNQlQ%3D%3D&position=16&pageNum=4&trk=public_jobs_jserp-result_search-card,2 weeks ago,United States
113,PREDICTif Solutions,Data Scientist,https://www.linkedin.com/jobs/view/data-scientist-at-predictif-solutions-3778853630?refId=McgbNeDIbHVI98UoGFxwww%3D%3D&trackingId=HtGNwZV2qktjTdArRHIglw%3D%3D&position=17&pageNum=4&trk=public_jobs_jserp-result_search-card,6 days ago,"Texas, United States"
114,Robert Half,Data Scientist/Data Analyst,https://www.linkedin.com/jobs/view/data-scientist-data-analyst-at-robert-half-3780007042?refId=McgbNeDIbHVI98UoGFxwww%3D%3D&trackingId=W2LdQwLwKAPC%2B4RchKw4FQ%3D%3D&position=18&pageNum=4&trk=public_jobs_jserp-result_search-card,1 day ago,"San Francisco, CA"
115,"Surya Systems, Inc",Data Scientist,https://www.linkedin.com/jobs/view/data-scientist-at-surya-systems-inc-3782264637?refId=McgbNeDIbHVI98UoGFxwww%3D%3D&trackingId=3fyOmBatQOlDDZK8MSaakQ%3D%3D&position=19&pageNum=4&trk=public_jobs_jserp-result_search-card,1 week ago,"San Francisco, CA"
116,EVONA,Machine Learning Engineer,https://www.linkedin.com/jobs/view/machine-learning-engineer-at-evona-3774714235?refId=McgbNeDIbHVI98UoGFxwww%3D%3D&trackingId=BVxH61crHjkTABtxpx4k2Q%3D%3D&position=20&pageNum=4&trk=public_jobs_jserp-result_search-card,3 weeks ago,"San Diego, CA"
117,Netflix,Data Scientist (L5) - Ad-Member Interactions,https://www.linkedin.com/jobs/view/data-scientist-l5-ad-member-interactions-at-netflix-3775811551?refId=McgbNeDIbHVI98UoGFxwww%3D%3D&trackingId=Wqumq3J8f1UN505ZXGg1QA%3D%3D&position=21&pageNum=4&trk=public_jobs_jserp-result_search-card,6 days ago,"Los Gatos, CA"
118,Old Republic Professional,Data Scientist,https://www.linkedin.com/jobs/view/data-scientist-at-old-republic-professional-3786745720?refId=McgbNeDIbHVI98UoGFxwww%3D%3D&trackingId=kzNZN14Csqh4DhLLFb2Gig%3D%3D&position=22&pageNum=4&trk=public_jobs_jserp-result_search-card,1 day ago,"Chicago, IL"
119,ClosedLoop,Data Scientist,https://www.linkedin.com/jobs/view/data-scientist-at-closedloop-3791578033?refId=McgbNeDIbHVI98UoGFxwww%3D%3D&trackingId=1FpkZ9j3kt%2B%2BGBaBI3bUGQ%3D%3D&position=23&pageNum=4&trk=public_jobs_jserp-result_search-card,6 days ago,"Austin, TX"
120,Lever Middleware Test Company 2,AI Engineer,https://www.linkedin.com/jobs/view/ai-engineer-at-lever-middleware-test-company-2-3787339229?refId=McgbNeDIbHVI98UoGFxwww%3D%3D&trackingId=hLShQ7WD%2FbA1j%2B9%2B1uWyYw%3D%3D&position=24&pageNum=4&trk=public_jobs_jserp-result_search-card,6 days ago,"San Francisco, CA"
121,"Octo, an IBM Company",Data Scientist,https://www.linkedin.com/jobs/view/data-scientist-at-octo-an-ibm-company-3783820134?refId=McgbNeDIbHVI98UoGFxwww%3D%3D&trackingId=S7xuDDUm8q0U%2BOyRWjqGIA%3D%3D&position=25&pageNum=4&trk=public_jobs_jserp-result_search-card,6 days ago,"Reston, VA"
122,Stealth Startup,Machine Learning Engineer,https://www.linkedin.com/jobs/view/machine-learning-engineer-at-stealth-startup-3777303690?refId=%2FH2pdcJl5QiHefk2p0CV9w%3D%3D&trackingId=vn31VbYjIitI%2F3SG%2BsuP7g%3D%3D&position=1&pageNum=5&trk=public_jobs_jserp-result_search-card,1 week ago,United States
123,CitiusTech,Machine Learning Engineer,https://www.linkedin.com/jobs/view/machine-learning-engineer-at-citiustech-3787076693?refId=%2FH2pdcJl5QiHefk2p0CV9w%3D%3D&trackingId=vZoPxDO4IjA%2BOyIy0qhNvA%3D%3D&position=2&pageNum=5&trk=public_jobs_jserp-result_search-card,1 week ago,United States
124,Airbnb,Staff Data Scientist - Policy & Economics,https://www.linkedin.com/jobs/view/staff-data-scientist-policy-economics-at-airbnb-3777399533?refId=%2FH2pdcJl5QiHefk2p0CV9w%3D%3D&trackingId=xqVsZuI6ZPMKilNk%2FKIKxw%3D%3D&position=3&pageNum=5&trk=public_jobs_jserp-result_search-card,2 weeks ago,United States
125,Analytica,Senior Data Scientist,https://www.linkedin.com/jobs/view/senior-data-scientist-at-analytica-3787917234?refId=%2FH2pdcJl5QiHefk2p0CV9w%3D%3D&trackingId=HJrJYukERovjQnHc0rxKcw%3D%3D&position=4&pageNum=5&trk=public_jobs_jserp-result_search-card,6 days ago,"Washington, DC"
126,Optomi,Data Scientist,https://www.linkedin.com/jobs/view/data-scientist-at-optomi-3776649326?refId=%2FH2pdcJl5QiHefk2p0CV9w%3D%3D&trackingId=8KKNAZWnTp50zUMH%2Ff6OCg%3D%3D&position=5&pageNum=5&trk=public_jobs_jserp-result_search-card,2 weeks ago,"Atlanta, GA"
127,The Doctors Company,Data Scientist,https://www.linkedin.com/jobs/view/data-scientist-at-the-doctors-company-3792420904?refId=%2FH2pdcJl5QiHefk2p0CV9w%3D%3D&trackingId=waN%2FOW39UHtMDtytojiXOA%3D%3D&position=6&pageNum=5&trk=public_jobs_jserp-result_search-card,2 weeks ago,"New York, NY"
128,"Inventory Locator Service,® LLC",Data Scientist,https://www.linkedin.com/jobs/view/data-scientist-at-inventory-locator-service-%C2%AE-llc-3778591618?refId=%2FH2pdcJl5QiHefk2p0CV9w%3D%3D&trackingId=viRhVBsCXvA7EJ8iCtjrig%3D%3D&position=7&pageNum=5&trk=public_jobs_jserp-result_search-card,6 days ago,Memphis Metropolitan Area
129,SynergisticIT,Entry Level Data Scientist (Remote),https://www.linkedin.com/jobs/view/entry-level-data-scientist-remote-at-synergisticit-3767590837?refId=%2FH2pdcJl5QiHefk2p0CV9w%3D%3D&trackingId=41a7YnkRQZZeYxfhZK3zZw%3D%3D&position=8&pageNum=5&trk=public_jobs_jserp-result_search-card,1 week ago,"New York, NY"
130,Stellar Cyber,Machine Learning Engineer/Researcher,https://www.linkedin.com/jobs/view/machine-learning-engineer-researcher-at-stellar-cyber-3782585294?refId=%2FH2pdcJl5QiHefk2p0CV9w%3D%3D&trackingId=VPLHgAs4r45n3duIWYugrw%3D%3D&position=9&pageNum=5&trk=public_jobs_jserp-result_search-card,1 day ago,United States
131,Archetype Permanent Solutions,Data Scientist,https://www.linkedin.com/jobs/view/data-scientist-at-archetype-permanent-solutions-3787919061?refId=%2FH2pdcJl5QiHefk2p0CV9w%3D%3D&trackingId=kBWF58%2FgTmqdUAVYW1LTiQ%3D%3D&position=10&pageNum=5&trk=public_jobs_jserp-result_search-card,1 week ago,"Houston, TX"
132,Dev10,Dev10 Entry Level Software Developer - Nationwide,https://www.linkedin.com/jobs/view/dev10-entry-level-software-developer-nationwide-at-dev10-3789951023?refId=%2FH2pdcJl5QiHefk2p0CV9w%3D%3D&trackingId=l9nIfcpRn1cbtdxK4wjTYw%3D%3D&position=11&pageNum=5&trk=public_jobs_jserp-result_search-card,6 days ago,"Charlotte, NC"
133,ADP,Data Scientist,https://www.linkedin.com/jobs/view/data-scientist-at-adp-3785758671?refId=%2FH2pdcJl5QiHefk2p0CV9w%3D%3D&trackingId=Q8ZxXvxFeynIglEbC27umA%3D%3D&position=12&pageNum=5&trk=public_jobs_jserp-result_search-card,4 days ago,"New York, NY"
134,SynergisticIT,Entry Level Data Scientist (Remote),https://www.linkedin.com/jobs/view/entry-level-data-scientist-remote-at-synergisticit-3767592690?refId=%2FH2pdcJl5QiHefk2p0CV9w%3D%3D&trackingId=RPrquW%2F6r8462bGsypBVwQ%3D%3D&position=13&pageNum=5&trk=public_jobs_jserp-result_search-card,3 weeks ago,"Orlando, FL"
135,Archetype Permanent Solutions,Data Scientist,https://www.linkedin.com/jobs/view/data-scientist-at-archetype-permanent-solutions-3787912756?refId=%2FH2pdcJl5QiHefk2p0CV9w%3D%3D&trackingId=XnbnWtyJmprkfR06NpxFZg%3D%3D&position=14&pageNum=5&trk=public_jobs_jserp-result_search-card,6 days ago,"Dallas, TX"
136,Meta,"Data Scientist, GBG Data Science",https://www.linkedin.com/jobs/view/data-scientist-gbg-data-science-at-meta-3775546258?refId=%2FH2pdcJl5QiHefk2p0CV9w%3D%3D&trackingId=ooNUUQaX9ZJSorZmFzwC6g%3D%3D&position=15&pageNum=5&trk=public_jobs_jserp-result_search-card,2 weeks ago,"Austin, TX"
137,GliaCell Technologies,Data Scientist,https://www.linkedin.com/jobs/view/data-scientist-at-gliacell-technologies-3787752752?refId=%2FH2pdcJl5QiHefk2p0CV9w%3D%3D&trackingId=kfCJl%2Bgt3I08x%2FjOB%2B06vA%3D%3D&position=16&pageNum=5&trk=public_jobs_jserp-result_search-card,2 weeks ago,"Annapolis Junction, MD"
138,Archetype Permanent Solutions,Data Scientist,https://www.linkedin.com/jobs/view/data-scientist-at-archetype-permanent-solutions-3787919070?refId=%2FH2pdcJl5QiHefk2p0CV9w%3D%3D&trackingId=XBtM%2B%2B4y4UHrP%2FIRqYKMPA%3D%3D&position=17&pageNum=5&trk=public_jobs_jserp-result_search-card,1 week ago,"San Antonio, TX"
139,Archetype Permanent Solutions,Data Scientist,https://www.linkedin.com/jobs/view/data-scientist-at-archetype-permanent-solutions-3787910756?refId=%2FH2pdcJl5QiHefk2p0CV9w%3D%3D&trackingId=QHx2wHyNbyRYJ96pBQ8i7Q%3D%3D&position=18&pageNum=5&trk=public_jobs_jserp-result_search-card,1 day ago,"Fort Worth, TX"
140,Cash App,"Decision Scientist, Fraud Risk - Afterpay",https://www.linkedin.com/jobs/view/decision-scientist-fraud-risk-afterpay-at-cash-app-3784942039?refId=%2FH2pdcJl5QiHefk2p0CV9w%3D%3D&trackingId=fyskQfQQ%2FJhprCt1MqLxSg%3D%3D&position=19&pageNum=5&trk=public_jobs_jserp-result_search-card,1 week ago,"San Francisco, CA"
141,BeaconFire Inc.,Data Scientist,https://www.linkedin.com/jobs/view/data-scientist-at-beaconfire-inc-3784573122?refId=%2FH2pdcJl5QiHefk2p0CV9w%3D%3D&trackingId=rQ%2BFmACnoRDzGMUtzjBQSA%3D%3D&position=20&pageNum=5&trk=public_jobs_jserp-result_search-card,1 week ago,"Austin, TX"
142,USAJOBS,DATA SCIENTIST,https://www.linkedin.com/jobs/view/data-scientist-at-usajobs-3790642268?refId=%2FH2pdcJl5QiHefk2p0CV9w%3D%3D&trackingId=RGAVmO6j6%2BLg5ALRBwreaQ%3D%3D&position=21&pageNum=5&trk=public_jobs_jserp-result_search-card,1 week ago,"Wallops Island, VA"
143,Steneral Consulting,Machine Learning Engineer,https://www.linkedin.com/jobs/view/machine-learning-engineer-at-steneral-consulting-3779885092?refId=%2FH2pdcJl5QiHefk2p0CV9w%3D%3D&trackingId=8sMhqj2Mw4Za8rWGO9ntcA%3D%3D&position=22&pageNum=5&trk=public_jobs_jserp-result_search-card,1 week ago,"Chicago, IL"
144,Moveworks,Machine Learning Engineer Intern - NLU & ML Infra,https://www.linkedin.com/jobs/view/machine-learning-engineer-intern-nlu-ml-infra-at-moveworks-3792404577?refId=%2FH2pdcJl5QiHefk2p0CV9w%3D%3D&trackingId=pah%2FcUXuT7d9VgyTcLN1ww%3D%3D&position=23&pageNum=5&trk=public_jobs_jserp-result_search-card,1 week ago,"Mountain View, CA"
145,Archetype Permanent Solutions,Data Scientist,https://www.linkedin.com/jobs/view/data-scientist-at-archetype-permanent-solutions-3787916075?refId=%2FH2pdcJl5QiHefk2p0CV9w%3D%3D&trackingId=0zTr0XsBwV3Rjq7THxjZxg%3D%3D&position=24&pageNum=5&trk=public_jobs_jserp-result_search-card,1 week ago,"El Paso, TX"
146,InterEx Group,Sr Data Scientist,https://www.linkedin.com/jobs/view/sr-data-scientist-at-interex-group-3778206971?refId=%2FH2pdcJl5QiHefk2p0CV9w%3D%3D&trackingId=JXQdVDIzxWCieh9eW5yBIQ%3D%3D&position=25&pageNum=5&trk=public_jobs_jserp-result_search-card,2 weeks ago,"New York, United States"
147,SilverEdge,Data Scientist,https://www.linkedin.com/jobs/view/data-scientist-at-silveredge-3780544864?refId=oTjwufyN%2BUKhvs9Wgamn4w%3D%3D&trackingId=VW3Pr3wA%2FIM%2FaE0b1rVKjA%3D%3D&position=1&pageNum=6&trk=public_jobs_jserp-result_search-card,1 day ago,"Chantilly, VA"
148,Hirewell,Machine Learning Engineer,https://www.linkedin.com/jobs/view/machine-learning-engineer-at-hirewell-3786742326?refId=oTjwufyN%2BUKhvs9Wgamn4w%3D%3D&trackingId=djRk2L3I7ANBYfhNTdPKow%3D%3D&position=2&pageNum=6&trk=public_jobs_jserp-result_search-card,1 week ago,United States
149,"Omega Solutions, Inc.",Data Scientist,https://www.linkedin.com/jobs/view/data-scientist-at-omega-solutions-inc-3782829155?refId=oTjwufyN%2BUKhvs9Wgamn4w%3D%3D&trackingId=1Kg6W3kpYidVt1iDiMpJ2w%3D%3D&position=3&pageNum=6&trk=public_jobs_jserp-result_search-card,3 weeks ago,"Austin, TX"
150,Middesk,Data Scientist (Algorithms),https://www.linkedin.com/jobs/view/data-scientist-algorithms-at-middesk-3785893357?refId=oTjwufyN%2BUKhvs9Wgamn4w%3D%3D&trackingId=LWiEP4rYilMrY8YmkJQ8og%3D%3D&position=4&pageNum=6&trk=public_jobs_jserp-result_search-card,1 week ago,"New York, United States"
151,Dev10,Dev10 Entry Level Software Developer - Nationwide,https://www.linkedin.com/jobs/view/dev10-entry-level-software-developer-nationwide-at-dev10-3789950033?refId=oTjwufyN%2BUKhvs9Wgamn4w%3D%3D&trackingId=afYab%2BVe0oBDMeEvignIBQ%3D%3D&position=5&pageNum=6&trk=public_jobs_jserp-result_search-card,2 weeks ago,"New York, NY"
152,Oden Technologies,Data Scientist,https://www.linkedin.com/jobs/view/data-scientist-at-oden-technologies-3786588998?refId=oTjwufyN%2BUKhvs9Wgamn4w%3D%3D&trackingId=Tgub12Ek5i%2BRM%2FjqZDQrUA%3D%3D&position=6&pageNum=6&trk=public_jobs_jserp-result_search-card,3 weeks ago,"New York, NY"
153,Archetype Permanent Solutions,Data Scientist,https://www.linkedin.com/jobs/view/data-scientist-at-archetype-permanent-solutions-3787916377?refId=oTjwufyN%2BUKhvs9Wgamn4w%3D%3D&trackingId=zGpEbcDfZL2IX4ZRYQL9Tg%3D%3D&position=7&pageNum=6&trk=public_jobs_jserp-result_search-card,3 weeks ago,"Austin, TX"
154,Lingopal,Machine Learning Engineer,https://www.linkedin.com/jobs/view/machine-learning-engineer-at-lingopal-3777004799?refId=oTjwufyN%2BUKhvs9Wgamn4w%3D%3D&trackingId=A%2F5rzEghZAPP7CJgIoXx4Q%3D%3D&position=8&pageNum=6&trk=public_jobs_jserp-result_search-card,2 weeks ago,"New York, NY"
155,Mission Essential,Data Scientist,https://www.linkedin.com/jobs/view/data-scientist-at-mission-essential-3769540940?refId=oTjwufyN%2BUKhvs9Wgamn4w%3D%3D&trackingId=Qye98vRj%2FUU5gWzOHnCJHw%3D%3D&position=9&pageNum=6&trk=public_jobs_jserp-result_search-card,2 weeks ago,"Suitland, MD"
156,tallywell,Data Scientist,https://www.linkedin.com/jobs/view/data-scientist-at-tallywell-3787559985?refId=oTjwufyN%2BUKhvs9Wgamn4w%3D%3D&trackingId=C2RxMnWF1EZgXU4F%2BXqWeg%3D%3D&position=10&pageNum=6&trk=public_jobs_jserp-result_search-card,3 weeks ago,"Philadelphia, PA"
157,Glocomms,Data Scientist,https://www.linkedin.com/jobs/view/data-scientist-at-glocomms-3778305522?refId=oTjwufyN%2BUKhvs9Wgamn4w%3D%3D&trackingId=Y1nnpzJuJmZVQbNKpHTTaA%3D%3D&position=11&pageNum=6&trk=public_jobs_jserp-result_search-card,1 week ago,"Atlanta, GA"
158,24 Seven Talent,Data Scientist (AI),https://www.linkedin.com/jobs/view/data-scientist-ai-at-24-seven-talent-3774825993?refId=oTjwufyN%2BUKhvs9Wgamn4w%3D%3D&trackingId=99VHFr7L5vjWg%2BZKrITiHA%3D%3D&position=12&pageNum=6&trk=public_jobs_jserp-result_search-card,3 days ago,United States
159,Mayo Clinic,Data Scientist - Full Remote,https://www.linkedin.com/jobs/view/data-scientist-full-remote-at-mayo-clinic-3790629691?refId=oTjwufyN%2BUKhvs9Wgamn4w%3D%3D&trackingId=biuIeZJvIaPlOqq2i7SPKw%3D%3D&position=13&pageNum=6&trk=public_jobs_jserp-result_search-card,6 days ago,"Jacksonville, FL"
160,Captivation,Data Scientist (Hybrid) - Python/R/Jupyter/Tableau,https://www.linkedin.com/jobs/view/data-scientist-hybrid-python-r-jupyter-tableau-at-captivation-3784831082?refId=oTjwufyN%2BUKhvs9Wgamn4w%3D%3D&trackingId=EkTHyi06wRrFOYJCC2g%2BdA%3D%3D&position=14&pageNum=6&trk=public_jobs_jserp-result_search-card,1 week ago,"Augusta, GA"
161,Emerald Resource Group,Data Scientist,https://www.linkedin.com/jobs/view/data-scientist-at-emerald-resource-group-3787375093?refId=oTjwufyN%2BUKhvs9Wgamn4w%3D%3D&trackingId=v2aKVWiMXWxjesRmWvLKYQ%3D%3D&position=15&pageNum=6&trk=public_jobs_jserp-result_search-card,3 weeks ago,"Lake County, OH"
162,InfoVision Inc.,Data Scientist,https://www.linkedin.com/jobs/view/data-scientist-at-infovision-inc-3783947096?refId=oTjwufyN%2BUKhvs9Wgamn4w%3D%3D&trackingId=8q3OodrBTtYgN2uSDin3OA%3D%3D&position=16&pageNum=6&trk=public_jobs_jserp-result_search-card,1 week ago,"Richardson, TX"
163,ASK Consulting,Data Scientist-IC2,https://www.linkedin.com/jobs/view/data-scientist-ic2-at-ask-consulting-3782411242?refId=oTjwufyN%2BUKhvs9Wgamn4w%3D%3D&trackingId=Roxpz1%2FQ7XEv9Hi5Vd9EFw%3D%3D&position=17&pageNum=6&trk=public_jobs_jserp-result_search-card,1 week ago,"Santa Clara, CA"
164,Middesk,Data Scientist (Algorithms),https://www.linkedin.com/jobs/view/data-scientist-algorithms-at-middesk-3785895162?refId=oTjwufyN%2BUKhvs9Wgamn4w%3D%3D&trackingId=TZ6FOvpSBapm074paMHq0A%3D%3D&position=18&pageNum=6&trk=public_jobs_jserp-result_search-card,1 day ago,"San Francisco, CA"
165,"Prime Software Technologies, Inc.",Data Scientist,https://www.linkedin.com/jobs/view/data-scientist-at-prime-software-technologies-inc-3783925586?refId=oTjwufyN%2BUKhvs9Wgamn4w%3D%3D&trackingId=AevH7NuXDHWuZCyePE06wA%3D%3D&position=19&pageNum=6&trk=public_jobs_jserp-result_search-card,3 weeks ago,"Austin, Texas Metropolitan Area"
166,Alo Yoga,Inventory Data Scientists,https://www.linkedin.com/jobs/view/inventory-data-scientists-at-alo-yoga-3778880121?refId=oTjwufyN%2BUKhvs9Wgamn4w%3D%3D&trackingId=N5NcXQrCxKvQvopMDcGQ9Q%3D%3D&position=20&pageNum=6&trk=public_jobs_jserp-result_search-card,6 days ago,"Beverly Hills, CA"
167,"Enterprise Minds, Inc",Machine Learning Software Engineer,https://www.linkedin.com/jobs/view/machine-learning-software-engineer-at-enterprise-minds-inc-3782696731?refId=oTjwufyN%2BUKhvs9Wgamn4w%3D%3D&trackingId=%2FJ7qAVt%2F8BpdjqruCOAzjg%3D%3D&position=21&pageNum=6&trk=public_jobs_jserp-result_search-card,1 week ago,"Mountain View, CA"
168,Brooksource,Data Scientist,https://www.linkedin.com/jobs/view/data-scientist-at-brooksource-3775446681?refId=oTjwufyN%2BUKhvs9Wgamn4w%3D%3D&trackingId=pzvTh3E7TV9mkYFC28wfMQ%3D%3D&position=22&pageNum=6&trk=public_jobs_jserp-result_search-card,3 weeks ago,"Indianapolis, IN"
169,AllSTEM Connections,Machine Learning Engineer,https://www.linkedin.com/jobs/view/machine-learning-engineer-at-allstem-connections-3777346302?refId=oTjwufyN%2BUKhvs9Wgamn4w%3D%3D&trackingId=j4%2F8mjFfLcaSFu81bGQaeA%3D%3D&position=23&pageNum=6&trk=public_jobs_jserp-result_search-card,1 week ago,"San Diego, CA"
170,Roc Search,Machine Learning Engineer,https://www.linkedin.com/jobs/view/machine-learning-engineer-at-roc-search-3778896402?refId=oTjwufyN%2BUKhvs9Wgamn4w%3D%3D&trackingId=961Fqu20j7IHvU6yXOi7Lw%3D%3D&position=24&pageNum=6&trk=public_jobs_jserp-result_search-card,1 week ago,"Texas, United States"
171,SynergisticIT,Entry Level Data Scientist (Remote),https://www.linkedin.com/jobs/view/entry-level-data-scientist-remote-at-synergisticit-3767592619?refId=oTjwufyN%2BUKhvs9Wgamn4w%3D%3D&trackingId=sc71ApxKfLWni4o7ghrBog%3D%3D&position=25&pageNum=6&trk=public_jobs_jserp-result_search-card,3 weeks ago,"Tampa, FL"
172,Intel Corporation,Data Scientist,https://www.linkedin.com/jobs/view/data-scientist-at-intel-corporation-3784836528?refId=XZLavdJt2SX1GxJ9fDNFSQ%3D%3D&trackingId=7Ggen7rXWfFw9GuBjFQlCg%3D%3D&position=1&pageNum=7&trk=public_jobs_jserp-result_search-card,3 weeks ago,"Hillsboro, OR"
173,"o9 Solutions, Inc.",Machine Learning Engineer,https://www.linkedin.com/jobs/view/machine-learning-engineer-at-o9-solutions-inc-3777096026?refId=XZLavdJt2SX1GxJ9fDNFSQ%3D%3D&trackingId=NGBlSt0UjcvTXeXSsb7WuQ%3D%3D&position=2&pageNum=7&trk=public_jobs_jserp-result_search-card,3 weeks ago,"Texas, United States"
174,SynergisticIT,Entry Level Data Scientist(REMOTE),https://www.linkedin.com/jobs/view/entry-level-data-scientist-remote-at-synergisticit-3767593641?refId=XZLavdJt2SX1GxJ9fDNFSQ%3D%3D&trackingId=FSBaBkKcGSJSvZ15S2umhw%3D%3D&position=3&pageNum=7&trk=public_jobs_jserp-result_search-card,2 weeks ago,"Houston, TX"
175,SynergisticIT,Entry Level Data Scientist,https://www.linkedin.com/jobs/view/entry-level-data-scientist-at-synergisticit-3767591895?refId=XZLavdJt2SX1GxJ9fDNFSQ%3D%3D&trackingId=02qTvu27%2BPHh8r%2BtZ6L%2BIQ%3D%3D&position=4&pageNum=7&trk=public_jobs_jserp-result_search-card,2 weeks ago,"New York, NY"
176,Cash App,Senior Data Scientist - Support,https://www.linkedin.com/jobs/view/senior-data-scientist-support-at-cash-app-3778631828?refId=XZLavdJt2SX1GxJ9fDNFSQ%3D%3D&trackingId=v2V1qdHfBvsnGJ%2BW4oelVw%3D%3D&position=5&pageNum=7&trk=public_jobs_jserp-result_search-card,1 week ago,"San Francisco, CA"
177,Sud Recruiting,Marketing Data Scientist,https://www.linkedin.com/jobs/view/marketing-data-scientist-at-sud-recruiting-3775453083?refId=XZLavdJt2SX1GxJ9fDNFSQ%3D%3D&trackingId=zERG%2BSxRlIoYrleTxKQ5mA%3D%3D&position=6&pageNum=7&trk=public_jobs_jserp-result_search-card,3 weeks ago,United States
178,SynergisticIT,Entry Level Data Scientist (Remote),https://www.linkedin.com/jobs/view/entry-level-data-scientist-remote-at-synergisticit-3767589892?refId=XZLavdJt2SX1GxJ9fDNFSQ%3D%3D&trackingId=jYm2nPhd0RSECINE6d697g%3D%3D&position=7&pageNum=7&trk=public_jobs_jserp-result_search-card,3 weeks ago,"Los Angeles, CA"
179,Cash App,"Decision Scientist, Disputes & Risk Partnerships - Afterpay",https://www.linkedin.com/jobs/view/decision-scientist-disputes-risk-partnerships-afterpay-at-cash-app-3784940112?refId=XZLavdJt2SX1GxJ9fDNFSQ%3D%3D&trackingId=9YBzakaKbBgX0MQmtqU3qg%3D%3D&position=8&pageNum=7&trk=public_jobs_jserp-result_search-card,3 weeks ago,"San Francisco, CA"
180,U.S. Department of Homeland Security,Data Scientist (Data Management),https://www.linkedin.com/jobs/view/data-scientist-data-management-at-u-s-department-of-homeland-security-3791564954?refId=XZLavdJt2SX1GxJ9fDNFSQ%3D%3D&trackingId=oN5GheT%2FBz4hFWZ2dQ0%2BJw%3D%3D&position=9&pageNum=7&trk=public_jobs_jserp-result_search-card,2 weeks ago,"Washington, DC"
181,Fusemachines,Lead Data Scientist,https://www.linkedin.com/jobs/view/lead-data-scientist-at-fusemachines-3787752391?refId=XZLavdJt2SX1GxJ9fDNFSQ%3D%3D&trackingId=cBY1%2BgDnNFkze%2FCxeBnNkw%3D%3D&position=10&pageNum=7&trk=public_jobs_jserp-result_search-card,1 week ago,"New York, NY"
182,Acro Service Corp,Machine Learning Engineer,https://www.linkedin.com/jobs/view/machine-learning-engineer-at-acro-service-corp-3780035393?refId=XZLavdJt2SX1GxJ9fDNFSQ%3D%3D&trackingId=CNvwuFwjBhgeJKkSQHJibg%3D%3D&position=11&pageNum=7&trk=public_jobs_jserp-result_search-card,2 weeks ago,"Mountain View, CA"
183,Incedo Inc.,Data Scientist,https://www.linkedin.com/jobs/view/data-scientist-at-incedo-inc-3775087920?refId=XZLavdJt2SX1GxJ9fDNFSQ%3D%3D&trackingId=K1urYgPA%2FlY0VOqNHL5mgw%3D%3D&position=12&pageNum=7&trk=public_jobs_jserp-result_search-card,2 weeks ago,"Basking Ridge, NJ"
184,Twill,Machine Learning Engineer,https://www.linkedin.com/jobs/view/machine-learning-engineer-at-twill-3783674794?refId=XZLavdJt2SX1GxJ9fDNFSQ%3D%3D&trackingId=r0zKvVCMdhGaXrZRWHBM5w%3D%3D&position=13&pageNum=7&trk=public_jobs_jserp-result_search-card,3 weeks ago,United States
185,Sky Consulting Inc.,Machine Learning Engineer,https://www.linkedin.com/jobs/view/machine-learning-engineer-at-sky-consulting-inc-3784200922?refId=XZLavdJt2SX1GxJ9fDNFSQ%3D%3D&trackingId=HOHC9qxXjv%2FyN%2Br7JawQDw%3D%3D&position=14&pageNum=7&trk=public_jobs_jserp-result_search-card,6 days ago,United States
186,Jefferies,Equity Research Data Strategy - Data Scientist,https://www.linkedin.com/jobs/view/equity-research-data-strategy-data-scientist-at-jefferies-3775822303?refId=XZLavdJt2SX1GxJ9fDNFSQ%3D%3D&trackingId=%2FGH%2FuSDujQsi5L91IgvXEw%3D%3D&position=15&pageNum=7&trk=public_jobs_jserp-result_search-card,1 week ago,"New York, NY"
187,SynergisticIT,Junior Data Scientist (Remote),https://www.linkedin.com/jobs/view/junior-data-scientist-remote-at-synergisticit-3767595213?refId=XZLavdJt2SX1GxJ9fDNFSQ%3D%3D&trackingId=r8k9T1BbbChFe1M0JAkN%2Bw%3D%3D&position=16&pageNum=7&trk=public_jobs_jserp-result_search-card,1 week ago,"Seattle, WA"
188,CODAMETRIX,Data Scientist III (LLM Researcher),https://www.linkedin.com/jobs/view/data-scientist-iii-llm-researcher-at-codametrix-3787775985?refId=XZLavdJt2SX1GxJ9fDNFSQ%3D%3D&trackingId=wOt%2F%2BwwFo%2BSybP5PVJ3fwQ%3D%3D&position=17&pageNum=7&trk=public_jobs_jserp-result_search-card,3 weeks ago,"Boston, MA"
189,SynergisticIT,Remote Data Scientist/Analyst (Entry/Junior Level),https://www.linkedin.com/jobs/view/remote-data-scientist-analyst-entry-junior-level-at-synergisticit-3787322350?refId=XZLavdJt2SX1GxJ9fDNFSQ%3D%3D&trackingId=tHoelm3RNvcElNTDWJ0kog%3D%3D&position=18&pageNum=7&trk=public_jobs_jserp-result_search-card,6 days ago,"Louisville, KY"
190,SynergisticIT,Entry Level Data Scientist (Remote),https://www.linkedin.com/jobs/view/entry-level-data-scientist-remote-at-synergisticit-3767590752?refId=XZLavdJt2SX1GxJ9fDNFSQ%3D%3D&trackingId=gUzPoMhEQWXTjuE9wAPjHQ%3D%3D&position=19&pageNum=7&trk=public_jobs_jserp-result_search-card,3 weeks ago,"Escondido, CA"
191,U.S. Department of Homeland Security,Data Scientist,https://www.linkedin.com/jobs/view/data-scientist-at-u-s-department-of-homeland-security-3787104882?refId=XZLavdJt2SX1GxJ9fDNFSQ%3D%3D&trackingId=O0OY7bNm%2Fw42KcjzGG4U8A%3D%3D&position=20&pageNum=7&trk=public_jobs_jserp-result_search-card,1 week ago,"Laurel, MD"
192,Radley James,Data Scientist,https://www.linkedin.com/jobs/view/data-scientist-at-radley-james-3783659834?refId=XZLavdJt2SX1GxJ9fDNFSQ%3D%3D&trackingId=cuslzfqqZlOSWUU8PFIidQ%3D%3D&position=21&pageNum=7&trk=public_jobs_jserp-result_search-card,1 week ago,"Dallas, TX"
193,SynergisticIT,Junior Data Scientist (Remote),https://www.linkedin.com/jobs/view/junior-data-scientist-remote-at-synergisticit-3767592698?refId=XZLavdJt2SX1GxJ9fDNFSQ%3D%3D&trackingId=MwiwoBaieGeEot6X%2FoOLJw%3D%3D&position=22&pageNum=7&trk=public_jobs_jserp-result_search-card,3 weeks ago,"Philadelphia, PA"
194,SynergisticIT,Data Scientist (Entry Level),https://www.linkedin.com/jobs/view/data-scientist-entry-level-at-synergisticit-3767591759?refId=XZLavdJt2SX1GxJ9fDNFSQ%3D%3D&trackingId=satCYGaTpT9tez3oaoVmRg%3D%3D&position=23&pageNum=7&trk=public_jobs_jserp-result_search-card,2 weeks ago,"Los Angeles, CA"
195,SynergisticIT,Entry level data scientist,https://www.linkedin.com/jobs/view/entry-level-data-scientist-at-synergisticit-3767592450?refId=XZLavdJt2SX1GxJ9fDNFSQ%3D%3D&trackingId=28ul8XpQdDWZzQ%2F7%2BZUvKA%3D%3D&position=24&pageNum=7&trk=public_jobs_jserp-result_search-card,2 weeks ago,"San Jose, CA"
196,Stripe,Data Scientist,https://www.linkedin.com/jobs/view/data-scientist-at-stripe-3782575054?refId=XZLavdJt2SX1GxJ9fDNFSQ%3D%3D&trackingId=X6ApDOrV0LvacHIL0WELvg%3D%3D&position=25&pageNum=7&trk=public_jobs_jserp-result_search-card,2 weeks ago,"New York, United States"
197,Fulcrum Digital Inc,Data Scientist,https://www.linkedin.com/jobs/view/data-scientist-at-fulcrum-digital-inc-3779217015?refId=%2FMaN5ze%2FFxq53SsV1aBJcw%3D%3D&trackingId=QtVsYPwnXLM%2FdBjdmCQYTA%3D%3D&position=1&pageNum=8&trk=public_jobs_jserp-result_search-card,3 weeks ago,"Edison, NJ"
198,Excelon Solutions,Data Scientist,https://www.linkedin.com/jobs/view/data-scientist-at-excelon-solutions-3782229208?refId=%2FMaN5ze%2FFxq53SsV1aBJcw%3D%3D&trackingId=z%2FaYWKHnJ7UsYMMKKbNJgA%3D%3D&position=2&pageNum=8&trk=public_jobs_jserp-result_search-card,3 weeks ago,"Austin, TX"
199,Wellth,Data Scientist,https://www.linkedin.com/jobs/view/data-scientist-at-wellth-3772677686?refId=%2FMaN5ze%2FFxq53SsV1aBJcw%3D%3D&trackingId=22pUidmYtoOVkw3qI%2F4aEw%3D%3D&position=3&pageNum=8&trk=public_jobs_jserp-result_search-card,6 days ago,"Marina del Rey, CA"
